{
  "case": "EOL",
  "description": "END-of-life 2-group cross sections generated with corrected Sn postprocessor using TRIGA progression-problem materials.",
  "material_sources": {
    "fuel": "TRIGA progression problem Table 3 U-ZrH1.6: density 5.85 g/cc and listed weight fractions",
    "reflector": "TRIGA progression problem Table 6 graphite: density 1.6 g/cc, C-Nat",
    "shield": "TRIGA progression problem Table 5 stainless steel: listed atom densities in atoms/(barn-cm)"
  },
  "group_convention": {
    "group_1": "fast; original MPACT groups 1-4",
    "group_2": "thermal; original MPACT groups 5-8"
  },
  "geometry_cm_half_core": {
    "fuel": 120.0,
    "reflector": 60.0,
    "shield": 100.0
  },
  "fuel": {
    "D": [
      0.39576664344936224,
      0.16220800490715034
    ],
    "sigTr": [
      0.8422471647133213,
      2.054974620544387
    ],
    "sigA": [
      0.011772119827287635,
      0.06365071151558858
    ],
    "sigT": [
      0.8430365895464269,
      2.0568675140143253
    ],
    "sigS": [
      0.8312643492601893,
      1.9932168238450039
    ],
    "sigF": [
      0.0012319549954077017,
      0.04529341719132639
    ],
    "nusigF": [
      0.0032306816363981985,
      0.11323354297831599
    ],
    "kapsigF": [
      0.24639099908154025,
      9.058683438265273
    ],
    "chi": [
      1.0,
      0.0
    ],
    "scatter": [
      [
        0.7973817143684812,
        0.0338826348917088
      ],
      [
        0.0,
        1.9932168238450034
      ]
    ],
    "sigS12_fast_to_thermal": 0.0338826348917088,
    "sigS21_thermal_to_fast": 0.0,
    "flux_for_weighting": [
      0.3619732076647411,
      0.1937474256923283
    ],
    "volume_cm": 120.0
  },
  "reflector": {
    "D": [
      1.0457542563871784,
      0.866566280548321
    ],
    "sigTr": [
      0.31874920068211565,
      0.38465993982874136
    ],
    "sigA": [
      0.0,
      0.0
    ],
    "sigT": [
      0.3209782162250841,
      0.38734986942875543
    ],
    "sigS": [
      0.32097823818745974,
      0.3873498624020255
    ],
    "sigF": [
      0.0,
      0.0
    ],
    "nusigF": [
      0.0,
      0.0
    ],
    "kapsigF": [
      0.0,
      0.0
    ],
    "chi": [
      1.0,
      0.0
    ],
    "scatter": [
      [
        0.3179970478600204,
        0.002981190327439591
      ],
      [
        0.0,
        0.38734986240202524
      ]
    ],
    "sigS12_fast_to_thermal": 0.002981190327439591,
    "sigS21_thermal_to_fast": 0.0,
    "flux_for_weighting": [
      0.09120133081568763,
      0.2038433265568292
    ],
    "volume_cm": 60.0
  },
  "shield": {
    "D": [
      0.5199659152494039,
      0.3676645052594694
    ],
    "sigTr": [
      0.6410676614705573,
      0.9066236434710829
    ],
    "sigA": [
      0.0002445415844954822,
      0.09378370948285684
    ],
    "sigT": [
      0.695054445241669,
      0.975102148554606
    ],
    "sigS": [
      0.6948099071342082,
      0.8813183604249416
    ],
    "sigF": [
      0.0,
      0.0
    ],
    "nusigF": [
      0.0,
      0.0
    ],
    "kapsigF": [
      0.0,
      0.0
    ],
    "chi": [
      1.0,
      0.0
    ],
    "scatter": [
      [
        0.6926567056516416,
        0.0021532014825677848
      ],
      [
        0.0,
        0.881318360424942
      ]
    ],
    "sigS12_fast_to_thermal": 0.0021532014825677848,
    "sigS21_thermal_to_fast": 0.0,
    "flux_for_weighting": [
      0.002419309402066758,
      0.0009304733239277577
    ],
    "volume_cm": 100.0
  },
  "homogenized_total": {
    "D": [
      0.42541610408595654,
      0.22540093010690873
    ],
    "sigTr": [
      0.7835465797646024,
      1.4788463081107595
    ],
    "sigA": [
      0.010404759308307993,
      0.041845544648445636
    ],
    "sigT": [
      0.7841861371334373,
      1.4800350221782705
    ],
    "sigS": [
      0.7737812738323375,
      1.4381894888595221
    ],
    "sigF": [
      0.0010887344425362206,
      0.029602449945305927
    ],
    "nusigF": [
      0.002855099726473343,
      0.07400612486326483
    ],
    "kapsigF": [
      0.21774688850724402,
      5.920489989061183
    ],
    "chi": [
      1.0,
      0.0
    ],
    "scatter": [
      [
        0.7434951525109724,
        0.030286121321367123
      ],
      [
        0.0,
        1.4381894888595221
      ]
    ],
    "sigS12_fast_to_thermal": 0.030286121321367123,
    "sigS21_thermal_to_fast": 0.0,
    "flux_for_weighting": [
      0.1755385561032745,
      0.12704763574600692
    ],
    "volume_cm": 280.0
  }
}