{
  "fuel": {
    "D": [
      0.22292387007539755,
      0.07930564100753329
    ],
    "sigTr": [
      1.4952787838314174,
      4.203147835368607
    ],
    "sigA": [
      0.018712210891344092,
      0.1301732399078855
    ],
    "sigT": [
      1.4952787838314174,
      4.203147835368607
    ],
    "nusigF": [
      0.007347556855857768,
      0.26830916899443374
    ],
    "kapsigF": [
      0.561482835469236,
      21.464733519554706
    ],
    "chi": [
      1.0,
      0.0
    ],
    "scatter": [
      [
        1.4011401480652288,
        0.07542617688185191
      ],
      [
        0.0,
        4.072974678179499
      ]
    ],
    "sigS12_fast_to_thermal": 0.07542617688185191,
    "sigS21_thermal_to_fast": 0.0
  },
  "reflector": {
    "D": [
      0.9834928261843511,
      0.8098880668960683
    ],
    "sigTr": [
      0.3389280780283511,
      0.4115795095127751
    ],
    "sigA": [
      0.0,
      0.0
    ],
    "sigT": [
      0.3389280780283511,
      0.4115795095127751
    ],
    "nusigF": [
      0.0,
      0.0
    ],
    "kapsigF": [
      0.0,
      0.0
    ],
    "chi": [
      1.0,
      0.0
    ],
    "scatter": [
      [
        0.3358110837089857,
        0.003117017697708066
      ],
      [
        0.0,
        0.4115795019572394
      ]
    ],
    "sigS12_fast_to_thermal": 0.003117017697708066,
    "sigS21_thermal_to_fast": 0.0
  },
  "shield": {
    "D": [
      0.7056409498573486,
      0.03475598334371368
    ],
    "sigTr": [
      0.4723837716627975,
      9.59067479221886
    ],
    "sigA": [
      0.028351018886596607,
      8.632840732666173
    ],
    "sigT": [
      0.4723837716627975,
      9.59067479221886
    ],
    "nusigF": [
      0.0,
      0.0
    ],
    "kapsigF": [
      0.0,
      0.0
    ],
    "chi": [
      1.0,
      0.0
    ],
    "scatter": [
      [
        0.44389219484940706,
        0.00014057291393281408
      ],
      [
        0.0,
        0.9578337305374122
      ]
    ],
    "sigS12_fast_to_thermal": 0.00014057291393281408,
    "sigS21_thermal_to_fast": 0.0
  },
  "homogenized_total": {
    "D": [
      0.244003760634115,
      0.11287394443003396
    ],
    "sigTr": [
      1.3660991636648114,
      2.9531468490494133
    ],
    "sigA": [
      0.016640897630550558,
      0.08749886208289237
    ],
    "sigT": [
      1.3660991636648114,
      2.9531468490494133
    ],
    "nusigF": [
      0.006526119892707932,
      0.17983441047273332
    ],
    "kapsigF": [
      0.4987105746651698,
      14.386752837818669
    ],
    "chi": [
      1.0,
      0.0
    ],
    "scatter": [
      [
        1.28211800884462,
        0.06734003952911713
      ],
      [
        0.0,
        2.8656480399080926
      ]
    ],
    "sigS12_fast_to_thermal": 0.06734003952911713,
    "sigS21_thermal_to_fast": 0.0
  },
  "geometry_cm_half_core": {
    "fuel": 120.0,
    "reflector": 60.0,
    "shield": 100.0
  }
}