{
  "case": "BOL",
  "description": "Beginning-of-life 2-group cross sections generated with corrected Sn postprocessor using TRIGA progression-problem materials.",
  "material_sources": {
    "fuel": "TRIGA progression problem Table 3 U-ZrH1.6: density 5.85 g/cc and listed weight fractions",
    "reflector": "TRIGA progression problem Table 6 graphite: density 1.6 g/cc, C-Nat",
    "shield": "TRIGA progression problem Table 5 stainless steel: listed atom densities in atoms/(barn-cm)"
  },
  "group_convention": {
    "group_1": "fast; original MPACT groups 1-4",
    "group_2": "thermal; original MPACT groups 5-8"
  },
  "geometry_cm_half_core": {
    "fuel": 10.0,
    "reflector": 30.0,
    "shield": 100.0
  },
  "fuel": {
    "D": [
      0.39606949544827863,
      0.1640593514111871
    ],
    "sigTr": [
      0.8416031458218225,
      2.0317850245420606
    ],
    "sigA": [
      0.01189824281796281,
      0.08198012670921483
    ],
    "sigT": [
      0.8423918385811137,
      2.0336384512708645
    ],
    "sigS": [
      0.8304934755335608,
      1.9516583454305407
    ],
    "sigF": [
      0.001696910983872588,
      0.06133576070016095
    ],
    "nusigF": [
      0.004439642327423152,
      0.15333940175040242
    ],
    "kapsigF": [
      0.3393821967745176,
      12.267152140032191
    ],
    "chi": [
      1.0,
      0.0
    ],
    "scatter": [
      [
        0.7966610037883434,
        0.03383247174521761
      ],
      [
        0.0,
        1.9516583454305412
      ]
    ],
    "sigS12_fast_to_thermal": 0.03383247174521761,
    "sigS21_thermal_to_fast": 0.0,
    "flux_for_weighting": [
      0.36137694241445545,
      0.1500236643936241
    ],
    "volume_cm": 120.0
  },
  "reflector": {
    "D": [
      1.0459034335476705,
      0.8666848748030139
    ],
    "sigTr": [
      0.31870373749771286,
      0.3846073042512662
    ],
    "sigA": [
      0.0,
      0.0
    ],
    "sigT": [
      0.3209324351161323,
      0.3872968657722219
    ],
    "sigS": [
      0.32093245705239754,
      0.38729685901761646
    ],
    "sigF": [
      0.0,
      0.0
    ],
    "nusigF": [
      0.0,
      0.0
    ],
    "kapsigF": [
      0.0,
      0.0
    ],
    "chi": [
      1.0,
      0.0
    ],
    "scatter": [
      [
        0.31795338262482303,
        0.0029790744275745673
      ],
      [
        0.0,
        0.3872968590176165
      ]
    ],
    "sigS12_fast_to_thermal": 0.0029790744275745673,
    "sigS21_thermal_to_fast": 0.0,
    "flux_for_weighting": [
      0.09111464732788296,
      0.18167157361505742
    ],
    "volume_cm": 60.0
  },
  "shield": {
    "D": [
      0.5199852216329394,
      0.3682905777928329
    ],
    "sigTr": [
      0.6410438594515198,
      0.9050824360780596
    ],
    "sigA": [
      0.0002445175225956759,
      0.09229160435961278
    ],
    "sigT": [
      0.6950286400247211,
      0.9735568046084924
    ],
    "sigS": [
      0.6947841259771,
      0.8812651229866689
    ],
    "sigF": [
      0.0,
      0.0
    ],
    "nusigF": [
      0.0,
      0.0
    ],
    "kapsigF": [
      0.0,
      0.0
    ],
    "chi": [
      1.0,
      0.0
    ],
    "scatter": [
      [
        0.6926311436924498,
        0.0021529822846500764
      ],
      [
        0.0,
        0.8812651229866696
      ]
    ],
    "sigS12_fast_to_thermal": 0.0021529822846500764,
    "sigS21_thermal_to_fast": 0.0,
    "flux_for_weighting": [
      0.0024185392389722846,
      0.0008759082573746779
    ],
    "volume_cm": 100.0
  },
  "homogenized_total": {
    "D": [
      0.42574807126692166,
      0.23635645562893332
    ],
    "sigTr": [
      0.7829356274977717,
      1.410299255192117
    ],
    "sigA": [
      0.01051533540664043,
      0.05118737048972991
    ],
    "sigT": [
      0.7835745880049466,
      1.4114235381132654
    ],
    "sigS": [
      0.7730591488157658,
      1.3602361778097118
    ],
    "sigF": [
      0.0014995107704997128,
      0.038088660100098246
    ],
    "nusigF": [
      0.003923182506571181,
      0.09522165025024563
    ],
    "kapsigF": [
      0.29990215409994253,
      7.617732020019649
    ],
    "chi": [
      1.0,
      0.0
    ],
    "scatter": [
      [
        0.742819897848506,
        0.03023925096725865
      ],
      [
        0.0,
        1.3602361778097143
      ]
    ],
    "sigS12_fast_to_thermal": 0.03023925096725865,
    "sigS21_thermal_to_fast": 0.0,
    "flux_for_weighting": [
      0.175264163761803,
      0.10353830346384214
    ],
    "volume_cm": 280.0
  }
}