{
  "case": "ACCIDENT_noH",
  "description": "Accident 2-group cross sections generated by removing H-1 from the TRIGA Table 3 U-ZrH1.6 fuel composition and renormalizing the remaining fuel weight fractions.",
  "material_sources": {
    "fuel": "TRIGA progression problem Table 3 U-ZrH1.6, with H-1 removed for no-moderator accident case and remaining weight fractions renormalized",
    "reflector": "TRIGA progression problem Table 6 graphite: density 1.6 g/cc, C-Nat",
    "shield": "TRIGA progression problem Table 5 stainless steel: listed atom densities in atoms/(barn-cm)"
  },
  "accident_assumption": {
    "removed_from_fuel": "H-1",
    "renormalized_remaining_weight_fractions": true,
    "purpose": "Approximate fuel-region no-moderator sensitivity cross sections for accident modeling"
  },
  "group_convention": {
    "group_1": "fast; original MPACT groups 1-4",
    "group_2": "thermal; original MPACT groups 5-8"
  },
  "geometry_cm_half_core": {
    "fuel": 120.0,
    "reflector": 60.0,
    "shield": 100.0
  },
  "fuel": {
    "D": [
      1.1017043316901272,
      1.0560458175497351
    ],
    "sigTr": [
      0.3025615165023141,
      0.3156428705969803
    ],
    "sigA": [
      0.0009474636489136192,
      0.05345072777479234
    ],
    "sigT": [
      0.3028482218748065,
      0.31589210265777207
    ],
    "sigS": [
      0.301900757234464,
      0.2624413600137094
    ],
    "sigF": [
      0.00046238640837514524,
      0.039414206391378985
    ],
    "nusigF": [
      0.0012375365966459423,
      0.09853551597844748
    ],
    "kapsigF": [
      0.0924772816750291,
      7.882841278275796
    ],
    "chi": [
      1.0,
      0.0
    ],
    "scatter": [
      [
        0.3018991641467678,
        1.593087695959246e-06
      ],
      [
        0.0,
        0.26244136001370927
      ]
    ],
    "sigS12_fast_to_thermal": 1.593087695959246e-06,
    "sigS21_thermal_to_fast": 0.0,
    "flux_for_weighting": [
      14.901357829622778,
      0.02898789029629946
    ],
    "volume_cm": 120.0
  },
  "reflector": {
    "D": [
      1.0181708341321012,
      0.8671269638282912
    ],
    "sigTr": [
      0.32738448417398436,
      0.38441121916183446
    ],
    "sigA": [
      0.0,
      0.0
    ],
    "sigT": [
      0.3296738862423761,
      0.38709940946626226
    ],
    "sigS": [
      0.3296738978484108,
      0.38709940383760316
    ],
    "sigF": [
      0.0,
      0.0
    ],
    "nusigF": [
      0.0,
      0.0
    ],
    "kapsigF": [
      0.0,
      0.0
    ],
    "chi": [
      1.0,
      0.0
    ],
    "scatter": [
      [
        0.32714667522056656,
        0.0025272226278442523
      ],
      [
        0.0,
        0.387099403837603
      ]
    ],
    "sigS12_fast_to_thermal": 0.0025272226278442523,
    "sigS21_thermal_to_fast": 0.0,
    "flux_for_weighting": [
      1.9248860872869835,
      2.146786747964676
    ],
    "volume_cm": 60.0
  },
  "shield": {
    "D": [
      0.5103495737635345,
      0.3705178964740451
    ],
    "sigTr": [
      0.6531470789231619,
      0.8996416543044998
    ],
    "sigA": [
      0.00025621281444832776,
      0.08702437003749436
    ],
    "sigT": [
      0.7081505221049396,
      0.9681014025563175
    ],
    "sigS": [
      0.7078943137494781,
      0.8810769600008931
    ],
    "sigF": [
      0.0,
      0.0
    ],
    "nusigF": [
      0.0,
      0.0
    ],
    "kapsigF": [
      0.0,
      0.0
    ],
    "chi": [
      1.0,
      0.0
    ],
    "scatter": [
      [
        0.7056352491561053,
        0.0022590645933729366
      ],
      [
        0.0,
        0.8810769600008931
      ]
    ],
    "sigS12_fast_to_thermal": 0.0022590645933729366,
    "sigS21_thermal_to_fast": 0.0,
    "flux_for_weighting": [
      0.04253261820762596,
      0.013598078036936809
    ],
    "volume_cm": 100.0
  },
  "homogenized_total": {
    "D": [
      1.0924522233210678,
      0.8528723597162287
    ],
    "sigTr": [
      0.30512394612553034,
      0.39083613102931536
    ],
    "sigA": [
      0.0008885690030203853,
      0.0022766733032284297
    ],
    "sigT": [
      0.30537561535125834,
      0.39115755471521735
    ],
    "sigS": [
      0.304487046131533,
      0.38888087486223305
    ],
    "sigF": [
      0.0004333655747380642,
      0.001025878924926843
    ],
    "nusigF": [
      0.0011598648851930333,
      0.002564697312317108
    ],
    "kapsigF": [
      0.0866731149476129,
      0.2051757849853686
    ],
    "chi": [
      1.0,
      0.0
    ],
    "scatter": [
      [
        0.3043275343436889,
        0.00015951178784355562
      ],
      [
        0.0,
        0.3888808748622334
      ]
    ],
    "sigS12_fast_to_thermal": 0.00015951178784355562,
    "sigS21_thermal_to_fast": 0.0,
    "flux_for_weighting": [
      6.8139620236168374,
      0.47730556970403626
    ],
    "volume_cm": 280.0
  }
}